timesplit,number_of_nodes,number_of_edges,number_of_CC,density,average_clustering_coefficient,max_degree,min_degree,average_degree,number_of_triangles,cluster_transitivity,connectivity,k_components,average_betweenness_centrality,average_degree_centrality,average_eigenvector_centrality,average_closeness_centrality,average_harmonic_centrality,average_shortest_path,number_of_bridges,average_eccentricity,eccentricity
939938400.0,275,110,165,0.00291970802919708,0.0,110,0,0.8,0.0,0,0,"{1: [{1, 2, 3, 4, 5, 6, 7, 8, 9, 10, 11, 4107, 4103, 4109, 5134, 4882, 4883, 20, 4884, 4886, 23, 24, 25, 27, 18972, 31, 18466, 35, 4898, 38, 39, 40, 41, 42, 17209, 8512, 19524, 13385, 2638, 2639, 14672, 2651, 6277, 4198, 8552, 6280, 6257, 6258, 6260, 6261, 6262, 6014, 6271, 3200, 6272, 6273, 6274, 4228, 4229, 3206, 3207, 3208, 3209, 6275, 3211, 6276, 6278, 3214, 6279, 6281, 10897, 18825, 16779, 16780, 8589, 16781, 16782, 11416, 3988, 3989, 155, 3992, 3999, 7850, 18860, 18861, 16876, 18863, 11957, 9399, 17609, 4051, 4053, 4056, 13272, 5855, 5857, 2795, 5867, 5868, 13550, 17646, 17648, 13547, 5871, 5872, 3203, 5873, 5875, 18824, 12283}]}",0.000582872115718831,0.0029197080291970805,0.029538920921849315,0.08211845482118454,22.6,0.8,110,0.8036363636363636,2.0
